"id";"title";"content";"author"
"1";"Inside the hell is comming";"<article id=""post-71"" class=""post-71 post type-post status-publish format-standard has-post-thumbnail hentry category-incididunt-ut-labore tag-augue-quis tag-bibendum-mauris tag-elit tag-ipsum-dolor tag-tempor post__holder cat-1-id"">
 <figure class=""featured-thumbnail thumbnail large"">
 <img src=""images/firstpage/ITH-Logo.png"" alt=""Dolor sit amet conse ctetur adipisicing elit."" style=""display: inline-block;"">
 </figure>
 
 <div class=""post_content"">
 <h3>Aliquam dapibus tincidunt metus. Praesent justo dolor, lobortis quis, lobortis dignissim, pulvinar ac, lorem.</h3>
 <p>Lorem ipsum dolor sit amet, consectetuer adipiscing elit. Praesent vestibulum molestie lacus. Aenean nonummy hendrerit mauris. Phasellus porta. Fusce suscipit varius mi. Cum sociis natoque penatibus et magnis dis parturient montes, nascetur ridiculus mus. Nulla dui. Fusce feugiat malesuada odio. Morbi nunc odio, gravida at, cursus nec, luctus a, lorem. Maecenas tristique orci ac sem. Duis ultricies pharetra magna. Donec accumsan malesuada orci. Donec sit amet eros. Lorem ipsum dolor sit amet, consectetuer adipiscing elit. Mauris fermentum dictum magna. Sed laoreet aliquam leo. Ut tellus dolor, dapibus eget, elementum vel, cursus eleifend, elit. Aenean auctor wisi et urna. Aliquam erat volutpat. Duis ac turpis. Integer rutrum ante eu lacus.</p>
 <h3>Praesent justo dolor, lobortis quis.</h3>
 <p>Aenean nonummy hendrerit mauris. Phasellus porta. Fusce suscipit varius mi. Cum sociis natoque penatibus et magnis dis parturient montes, nascetur ridiculus mus. Nulla dui. Fusce feugiat malesuada odio. Morbi nunc odio, gravida at, cursus nec, luctus a, lorem. Maecenas tristique orci ac sem. Duis ultricies pharetra magna. Donec accumsan malesuada orci. Donec sit amet eros. Lorem ipsum dolor sit amet, consectetuer adipiscing elit.</p>
 <div class=""clear""></div>
 </div>
 </article>";"Erick Dom."
"2";"developing";"<h1>inside the hell</h1>";"Erick Dom."
